id,username,profile_pic_id
1,Magdalene,1
2,Gregg,2
3,Donnetta,3
4,Thu,4
5,Paige,5
6,Winfred,6
7,Dino,7
8,Rueben,8
9,Jong,9
10,Annita,10
11,Shan,11
12,Cornelia,12
13,Shalonda,13
14,Marisha,14
15,Nick,15
16,Bee,16
17,Crystal,17
18,Evangeline,18
19,Roselee,19
20,Emile,20
21,Yoshie,21
22,Hang,22
23,Sherri,23
24,Carlotta,24
25,Levi,25
26,Dann,26
27,Lasonya,27
28,Barbie,28
29,Lashawna,29
30,Agripina,30
31,Shawnta,31
32,Lynette,32
33,Darrin,33
34,Corinna,34
35,Lydia,35
36,Dahlia,36
37,Beatris,37
38,Dorathy,38
39,Sabina,39
40,Elaine,40
41,Aurelio,41
42,Gale,42
43,Angila,43
44,Raymonde,44
45,Elenora,45
46,Myrna,46
47,Kit,47
48,Von,48
49,Deshawn,49
50,Eloisa,50
51,Xiomara,51
52,Ardell,52
53,Maryland,53
54,Darcy,54
55,Ranee,55
56,Eldridge,56
57,Orville,57
58,Lashell,58
59,Ima,59
60,Rhett,60
61,Oren,61
62,Antonia,62
63,Queenie,63
64,Clementine,64
65,Zenaida,65
66,Twila,66
67,Jayson,67
68,Delphine,68
69,Noelia,69
70,Chau,70
71,Sophie,71
72,Sanjuanita,72
73,Era,73
74,Elvie,74
75,Ethan,75
76,Holly,76
77,Taren,77
78,Charity,78
79,Florene,79
80,Kenton,80
81,Enda,81
82,Pansy,82
83,Zoe,83
84,Azzie,84
85,Cammie,85
86,Effie,86
87,Leoma,87
88,Angelita,88
89,Autumn,89
90,Normand,90
91,Kaycee,91
92,Joleen,92
93,Katina,93
94,Ericka,94
95,Josh,95
96,Oleta,96
97,Marketta,97
98,Nana,98
99,Tonda,99
100,Julienne,100